depcom,ze10,canton_ville,dep,categorie_com,pop,pophom,popfem,actemp_hom,actemp_fem,chom_hom,chom_fem,ret,ele,foy_hom,foy_fem,ina,autre,part_ele,part_ret,academie,libgeo,partchfem
01001,8213,0110,01,120,784,398,386,172,157,18,12,185,47,NA,12,181,NA,5.9948979592,23596938776,L,Abergement-Clémenciat (L') (01001),0
01002,8201,0101,01,112,221,117,104,52,50,6,3,53,8,1,7,43,NA,3.6199095023,23981900452,L,Abergement-de-Varey (L') (01002),0
01004,8201,0101,01,112,13835,6741,7094,3243,2619,347,416,2717,905,7,461,3120,NA,6.5413805566,19638597759,L,Ambérieu-en-Bugey (01004),1.6
01005,8213,0130,01,112,1616,816,800,435,361,18,33,287,110,3,36,333,NA,6.8069306931,1775990099,L,Ambérieux-en-Dombes (01005),0.1
01006,8216,0104,01,300,116,60,56,31,25,1,1,32,7,NA,2,17,NA,6.0344827586,27586206897,L,Ambléon (01006),0
01007,8201,0101,01,112,2362,1169,1193,575,490,50,43,477,142,2,76,507,NA,6.0118543607,20194750212,L,Ambronay (01007),0.2
01008,8201,0117,01,112,729,376,353,207,169,8,16,112,44,NA,26,148,NA,6.0356652949,1536351166,L,Ambutrix (01008),0.1
01009,8216,0104,01,212,340,166,174,76,68,4,8,100,20,NA,3,62,NA,5.8823529412,29411764706,L,Andert-et-Condon (01009),0
01010,8219,0131,01,300,994,497,497,226,178,20,35,207,53,NA,20,254,NA,5.3319919517,20824949698,L,Anglefort (01010),0.1
01011,8203,0122,01,112,363,184,179,92,75,8,11,73,19,NA,NA,84,NA,5.2341597796,20110192837,L,Apremont (01011),0
01012,8203,0115,01,300,302,151,151,66,69,3,6,85,7,1,6,59,NA,2.3178807947,28145695364,L,Aranc (01012),0
01013,8201,0128,01,112,163,80,83,32,30,2,5,48,11,NA,NA,36,NA,6.7484662577,29447852761,L,Arandas (01013),0
01014,8203,0123,01,111,3476,1780,1696,791,640,101,108,715,250,NA,100,771,NA,7.1921749137,20569620253,L,Arbent (01014),0.4
01015,8216,0104,01,212,480,236,244,110,96,3,13,140,18,NA,11,88,NA,3.75,29166666667,L,Arbignieu (01015),0.1
01016,0053,0126,01,120,399,207,192,98,75,8,7,95,16,NA,9,91,NA,4.0100250627,2380952381,L,Arbigny (01016),0
01017,8201,0128,01,112,421,206,215,91,76,8,17,119,19,1,12,78,NA,4.513064133,28266033254,L,Argis (01017),0.1
01019,8203,0136,01,120,20,13,7,5,3,NA,NA,9,NA,NA,NA,3,NA,NA,45,L,Armix (01019),NA
01021,8213,0142,01,112,1367,674,693,341,308,9,9,208,138,NA,28,327,NA,10.095098756,15215801024,L,Ars-sur-Formans (01021),0
01022,8216,0109,01,300,1126,552,574,242,224,26,24,303,54,NA,26,227,NA,4.7957371226,26909413854,L,Artemare (01022),0.1
01023,0053,0102,01,112,73,39,34,19,16,1,2,12,3,NA,2,18,NA,4.1095890411,16438356164,L,Asnières-sur-Saône (01023),0
01024,8202,0121,01,112,2936,1479,1457,724,676,43,61,499,198,2,29,702,NA,6.7438692098,16995912807,L,Attignat (01024),0.2
01025,0053,0102,01,112,3040,1560,1480,815,685,40,52,467,201,1,65,714,NA,6.6118421053,15361842105,L,Bâgé-la-Ville (01025),0.2
01026,0053,0102,01,112,796,372,424,176,170,NA,NA,243,48,2,20,137,NA,6.0301507538,30527638191,L,Bâgé-le-Châtel (01026),NA
01027,8214,0120,01,112,2348,1530,818,1163,429,17,33,228,100,2,31,346,NA,4.2589437819,97103918228,L,Balan (01027),0.1
01028,8213,0130,01,112,572,276,296,144,128,7,14,96,37,1,7,138,NA,6.4685314685,16783216783,L,Baneins (01028),0.1
01029,8202,0111,01,112,624,311,313,141,111,8,11,121,26,NA,11,195,NA,4.1666666667,19391025641,L,Beaupont (01029),0
01030,8213,0134,01,111,870,422,448,196,184,14,36,139,57,7,33,203,NA,6.5517241379,15977011494,L,Beauregard (01030),0.1
01031,8203,0141,01,111,3537,1757,1780,804,671,107,147,655,277,5,90,781,NA,7.8314956178,18518518519,L,Bellignat (01031),0.6
01032,8214,0120,01,112,2905,1462,1443,786,634,32,70,368,195,3,96,721,NA,6.7125645439,12667814114,L,Béligneux (01032),0.3
01033,8219,0103,01,221,11790,5747,6043,2465,2041,538,466,2603,550,10,527,2589,NA,4.6649703138,22078032231,L,Bellegarde-sur-Valserine (01033),1.8
01034,8216,0104,01,211,8755,4169,4586,1813,1577,247,261,2184,550,7,265,1851,NA,6.2821245003,24945745288,L,Belley (01034),1
01035,8203,0123,01,112,321,169,152,92,80,4,5,58,14,NA,3,65,NA,4.3613707165,18068535826,L,Belleydoux (01035),0
01036,8216,0109,01,300,514,271,243,121,110,7,13,118,20,2,8,115,NA,3.8910505837,22957198444,L,Belmont-Luthézieu (01036),0.1
01037,8201,0118,01,112,275,151,124,65,50,1,6,67,14,1,5,67,NA,5.0909090909,24363636364,L,Bénonces (01037),0
01038,8202,0111,01,112,724,367,357,182,168,7,8,159,40,NA,7,153,NA,5.5248618785,21961325967,L,Bény (01038),0
01039,8216,0109,01,300,373,187,187,102,72,5,7,84,28,NA,20,54,NA,7.5067024129,22520107239,L,Béon (01039),0
01040,8202,0121,01,112,445,225,220,115,104,7,8,71,27,NA,4,109,NA,6.0674157303,1595505618,L,Béréziat (01040),0
01041,8201,0101,01,112,724,358,366,179,162,5,13,155,48,1,23,137,NA,6.6298342541,21408839779,L,Bettant (01041),0.1
01042,0053,0127,01,112,245,130,115,60,51,4,7,57,18,NA,2,48,NA,7.3469387755,23265306122,L,Bey (01042),0
01043,8214,0140,01,111,4475,2227,2248,1071,954,67,58,879,361,4,113,969,NA,8.0670391061,19642458101,L,Beynost (01043),0.2
01044,8219,0103,01,300,484,239,245,126,111,4,5,77,30,NA,21,109,NA,6.1983471074,15909090909,L,Billiat (01044),0
01045,8214,0135,01,112,236,121,115,63,53,NA,1,39,15,NA,1,64,NA,6.3559322034,16525423729,L,Birieux (01045),0
01046,0053,0110,01,120,797,392,405,207,187,17,14,139,41,NA,12,180,NA,5.1442910916,17440401506,L,Biziat (01046),0.1
01047,8201,0117,01,112,886,462,424,234,197,9,16,118,70,1,8,233,NA,7.9006772009,13318284424,L,Blyes (01047),0.1
01049,8214,0120,01,111,2928,1466,1462,699,616,49,51,545,230,NA,68,670,NA,7.8551912568,18613387978,L,Boisse (La) (01049),0.2
01050,0053,0126,01,112,288,151,137,68,55,5,3,65,15,1,NA,76,NA,5.2083333333,22569444444,L,Boissey (01050),0
01051,8203,0116,01,120,94,49,45,26,21,1,3,27,6,NA,1,9,NA,6.3829787234,28723404255,L,Bolozon (01051),0
01052,8214,0135,01,112,309,154,155,74,61,4,4,82,25,NA,3,57,NA,8.0906148867,26537216828,L,Bouligneux (01052),0
01053,8202,0199,01,111,40088,18919,21169,8009,7608,1274,1219,9586,3326,19,1160,7887,NA,8.2967471563,23912392736,L,Bourg-en-Bresse (01053),4.8
01054,8201,0119,01,112,1173,574,599,302,279,9,13,175,85,NA,25,287,NA,7.2463768116,14919011083,L,Bourg-Saint-Christophe (01054),0.1
01056,8201,0124,01,112,321,170,151,75,58,4,12,83,9,NA,4,74,NA,2.8037383178,25856697819,L,Boyeux-Saint-Jérôme (01056),0
01057,0053,0126,01,112,496,256,240,115,104,14,7,90,30,NA,7,129,NA,6.0483870968,1814516129,L,Boz (01057),0
01058,8209,0104,01,120,832,425,407,181,154,19,17,158,46,4,23,230,NA,5.5288461538,18990384615,L,Brégnier-Cordon (01058),0.1
01059,8216,0109,01,400,92,45,47,25,17,1,1,28,8,NA,1,11,NA,8.6956521739,30434782609,L,Brénaz (01059),0
01060,8203,0106,01,300,544,261,283,122,114,2,7,152,23,NA,8,115,NA,4.2279411765,27941176471,L,Brénod (01060),0
01061,8216,0104,01,211,1158,593,565,288,244,22,22,200,55,NA,29,298,NA,4.7495682211,17271157168,L,Brens (01061),0.1
01062,8214,0120,01,112,709,376,333,177,163,8,2,128,58,2,14,157,NA,8.1805359661,18053596615,L,Bressolles (01062),0
01063,8203,0122,01,221,517,250,267,135,111,7,10,126,21,NA,6,102,NA,4.0618955513,24371373308,L,Brion (01063),0
01064,8201,0118,01,112,893,451,442,222,190,17,29,133,51,NA,22,229,NA,5.7110862262,14893617021,L,Briord (01064),0.1
01065,8202,0143,01,112,1669,827,842,397,381,26,15,354,130,NA,32,334,NA,7.7890952666,21210305572,L,Buellas (01065),0.1
01066,8201,0136,01,120,72,37,35,16,6,NA,NA,20,4,NA,4,22,NA,5.5555555556,27777777778,L,Burbanche (La) (01066),NA
01067,8203,0116,01,300,265,131,134,66,63,NA,NA,42,17,NA,6,71,NA,6.4150943396,15849056604,L,Ceignes (01067),NA
01068,8201,0124,01,120,741,351,390,174,138,15,24,190,26,NA,19,155,NA,3.5087719298,25641025641,L,Cerdon (01068),0.1
01069,8202,0125,01,112,1445,728,717,405,356,7,29,191,109,1,15,333,NA,7.5432525952,1321799308,L,Certines (01069),0.1
01071,8219,0114,01,112,3992,1969,2023,1088,980,78,82,358,290,4,137,976,NA,7.2645290581,89679358717,L,Cessy (01071),0.3
01072,8202,0107,01,112,2738,1330,1408,656,622,25,33,641,179,1,51,530,NA,6.5376186998,23411249087,L,Ceyzériat (01072),0.1
01073,8216,0136,01,300,929,463,466,224,199,11,16,233,44,NA,26,177,NA,4.7362755651,2508073197,L,Ceyzérieu (01073),0.1
01074,8214,0108,01,112,2322,1133,1189,567,494,29,54,466,132,2,31,546,NA,5.684754522,20068906115,L,Chalamont (01074),0.2
01075,8213,0130,01,112,1165,588,577,324,283,20,22,153,85,NA,21,257,NA,7.2961373391,1313304721,L,Chaleins (01075),0.1
01076,8201,0128,01,120,127,61,66,22,20,5,3,43,5,1,4,25,NA,3.937007874,33858267717,L,Chaley (01076),0
01077,8201,0124,01,300,179,89,90,42,35,5,4,48,7,NA,4,34,NA,3.9106145251,26815642458,L,Challes-la-Montagne (01077),0
01078,8219,0112,01,112,1225,584,641,314,270,24,20,220,67,1,62,247,NA,5.4693877551,17959183673,L,Challex (01078),0.1
01079,8216,0109,01,400,765,364,401,156,123,NA,NA,283,34,NA,10,160,NA,4.4444444444,36993464052,L,Champagne-en-Valromey (01079),NA
01080,8203,0106,01,222,464,237,227,109,110,9,8,98,14,2,6,110,NA,3.0172413793,21120689655,L,Champdor (01080),0
01081,8219,0103,01,400,677,348,329,179,146,14,16,96,50,NA,23,152,NA,7.3855243722,14180206795,L,Champfromier (01081),0.1
01082,8219,0131,01,300,617,286,331,110,127,10,10,98,113,2,6,140,NA,18.314424635,15883306321,L,Chanay (01082),0
01083,8213,0130,01,112,820,414,406,228,184,11,15,115,53,NA,13,200,NA,6.4634146341,14024390244,L,Chaneins (01083),0.1
01084,8202,0110,01,120,706,351,355,178,157,16,12,118,30,NA,13,182,NA,4.2492917847,1671388102,L,Chanoz-Châtenay (01084),0
01085,8213,0135,01,112,341,166,175,88,85,8,7,62,11,NA,6,75,NA,3.2258064516,18181818182,L,Chapelle-du-Châtelard (La) (01085),0
01087,8203,0122,01,300,294,160,134,72,56,6,6,72,17,NA,4,61,NA,5.7823129252,24489795918,L,Charix (01087),0
01088,8201,0119,01,112,911,465,446,245,224,7,7,82,80,NA,21,246,NA,8.7815587267,90010976948,L,Charnoz-sur-Ain (01088),0
01089,8201,0101,01,112,1818,889,929,469,424,20,39,297,121,2,57,389,NA,6.6556655666,16336633663,L,Château-Gaillard (01089),0.2
01090,8214,0108,01,112,352,174,178,90,75,NA,NA,68,22,NA,14,84,NA,6.25,19318181818,L,Châtenay (01090),NA
01091,8219,0103,01,300,3120,1583,1537,799,694,59,70,515,224,NA,89,672,NA,7.1794871795,16506410256,L,Châtillon-en-Michaille (01091),0.3
01092,8201,0108,01,112,1562,779,783,378,348,19,32,281,106,1,24,373,NA,6.7861715749,17989756722,L,Châtillon-la-Palud (01092),0.1
01093,8213,0110,01,120,4922,2356,2566,1047,924,108,117,1439,321,2,60,904,NA,6.5217391304,29236082893,L,Châtillon-sur-Chalaronne (01093),0.5
01094,0053,0126,01,120,680,356,324,177,143,5,6,165,41,NA,11,132,NA,6.0294117647,24264705882,L,Chavannes-sur-Reyssouze (01094),0
01095,8202,0133,01,112,644,316,328,149,144,14,12,127,29,NA,8,159,NA,4.5031055901,19720496894,L,Chavannes-sur-Suran (01095),0
01096,8202,0110,01,112,927,462,465,240,212,9,10,181,58,1,9,206,NA,6.2567421791,19525350593,L,Chaveyriat (01096),0
01097,8216,0109,01,300,199,90,109,41,50,3,NA,50,14,NA,3,38,NA,7.0351758794,25125628141,L,Chavornay (01097),NA
01098,8216,0104,01,212,744,374,370,180,153,8,10,182,49,NA,22,139,NA,6.5860215054,24462365591,L,Chazey-Bons (01098),0
01099,8201,0117,01,112,1464,712,752,355,332,28,33,220,102,NA,29,365,NA,6.9672131148,15027322404,L,Chazey-sur-Ain (01099),0.1
01100,8216,0136,01,300,157,79,79,33,27,1,3,53,7,NA,8,24,NA,4.4585987261,33757961783,L,Cheignieu-la-Balme (01100),0
01101,8203,0106,01,300,162,85,77,48,37,2,2,29,13,NA,2,29,NA,8.024691358,17901234568,L,Chevillard (01101),0
01102,0053,0126,01,112,933,478,455,264,199,11,17,141,40,NA,21,240,NA,4.2872454448,15112540193,L,Chevroux (01102),0.1
01103,8219,0114,01,112,1235,602,633,353,302,11,12,148,71,2,57,278,NA,5.7489878543,11983805668,L,Chevry (01103),0
01104,8219,0112,01,300,434,223,211,114,94,6,4,90,17,1,11,98,NA,3.9170506912,20737327189,L,Chézery-Forens (01104),0
01105,8214,0142,01,112,1362,691,671,353,311,15,16,205,141,NA,28,292,NA,10.352422907,15051395007,L,Civrieux (01105),0.1
01106,8202,0107,01,112,170,80,90,32,31,1,2,49,9,NA,8,39,NA,5.2941176471,28823529412,L,Cize (01106),0
01107,8201,0128,01,112,135,66,69,33,30,2,4,28,6,NA,3,31,NA,4.4444444444,20740740741,L,Cleyzieu (01107),0
01108,8202,0111,01,112,1154,547,607,241,204,22,19,396,50,1,19,203,NA,4.3327556326,3431542461,L,Coligny (01108),0.1
01109,8219,0112,01,112,1897,962,935,531,432,35,41,191,94,6,75,492,NA,4.9551924091,10068529257,L,Collonges (01109),0.2
01110,8216,0104,01,212,115,58,58,28,25,2,2,30,1,NA,1,25,NA,0.8695652174,26086956522,L,Colomieu (01110),0
01111,8201,0128,01,112,104,53,51,28,23,NA,1,25,3,NA,NA,23,NA,2.8846153846,24038461538,L,Conand (01111),0
01112,8203,0106,01,300,404,203,201,117,92,5,8,55,24,NA,9,94,NA,5.9405940594,13613861386,L,Condamine (01112),0
01113,8202,0110,01,120,756,378,378,190,176,13,10,145,38,NA,14,171,NA,5.0264550265,1917989418,L,Condeissiat (01113),0
01114,8219,0112,01,300,525,243,282,114,99,10,13,176,15,NA,6,91,NA,2.8571428571,33523809524,L,Confort (01114),0.1
01115,8202,0121,01,112,1157,591,566,309,267,11,26,197,64,NA,16,268,NA,5.5315471046,17026793431,L,Confrançon (01115),0.1
01116,8216,0136,01,212,539,279,260,117,104,11,12,154,23,NA,11,107,NA,4.26716141,28571428571,L,Contrevoz (01116),0
01117,8216,0104,01,212,135,61,74,35,26,2,1,27,14,NA,3,26,NA,10.37037037,20,L,Conzieu (01117),0
01118,8219,0131,01,300,1176,579,597,267,215,15,24,279,49,2,21,305,NA,4.1666666667,23724489796,L,Corbonod (01118),0.1
01119,8203,0106,01,300,243,124,119,56,49,3,5,57,10,NA,3,60,NA,4.1152263374,23456790123,L,Corcelles (01119),0
01121,8203,0115,01,300,124,61,63,31,27,2,NA,17,11,NA,2,33,NA,8.8709677419,13709677419,L,Corlier (01121),NA
01122,8203,0115,01,222,859,458,401,244,185,3,3,182,62,1,17,160,NA,7.2176949942,21187427241,L,Cormaranche-en-Bugey (01122),0
01123,0053,0127,01,112,1058,539,519,248,215,19,20,236,78,1,25,218,NA,7.3724007561,22306238185,L,Cormoranche-sur-Saône (01123),0.1
01124,8202,0129,01,112,625,340,285,162,107,5,12,172,40,2,17,108,NA,6.4,2752,L,Cormoz (01124),0
01125,8203,0133,01,120,602,298,304,148,129,9,14,116,36,NA,10,139,NA,5.9800664452,1926910299,L,Corveissiat (01125),0.1
01127,8202,0133,01,112,507,250,257,128,100,6,6,123,18,1,19,106,NA,3.550295858,2426035503,L,Courmangoux (01127),0
01128,8202,0129,01,120,266,135,131,69,52,1,6,66,19,NA,4,49,NA,7.1428571429,24812030075,L,Courtes (01128),0
01129,8201,0108,01,112,269,140,129,62,53,2,2,68,14,NA,15,53,NA,5.2044609665,25278810409,L,Crans (01129),0
01130,8202,0121,01,112,1256,636,620,311,304,13,11,221,62,NA,17,317,NA,4.9363057325,17595541401,L,Cras-sur-Reyssouze (01130),0
01133,8216,0104,01,212,374,193,181,92,64,6,8,83,26,1,10,84,NA,6.9518716578,22192513369,L,Cressin-Rochefort (01133),0
01134,0053,0127,01,112,1722,858,864,443,402,26,34,330,108,2,28,349,NA,6.2717770035,19163763066,L,Crottet (01134),0.1
01135,8219,0114,01,112,1862,945,917,539,429,18,31,213,124,1,93,414,NA,6.6595059076,11439312567,L,Crozet (01135),0.1
01136,0053,0127,01,112,818,411,407,217,181,4,11,139,46,1,10,209,NA,5.6234718826,16992665037,L,Cruzilles-lès-Mépillat (01136),0
01138,8216,0131,01,221,2909,1447,1462,621,494,66,68,693,158,NA,126,683,NA,5.4314197319,23822619457,L,Culoz (01138),0.3
01139,8202,0129,01,120,456,232,224,105,81,8,8,138,13,1,7,95,NA,2.850877193,30263157895,L,Curciat-Dongalon (01139),0
01140,8202,0121,01,112,702,348,354,159,156,13,7,169,58,1,6,133,NA,8.2621082621,24074074074,L,Curtafond (01140),0
01141,8216,0136,01,212,407,204,204,94,81,7,10,101,17,NA,9,87,NA,4.1769041769,24815724816,L,Cuzieu (01141),0
01142,8214,0120,01,111,4099,2027,2072,992,903,90,102,652,287,1,98,974,NA,7.0017077336,15906318614,L,Dagneux (01142),0.4
01143,8219,0114,01,112,8160,3875,4285,2063,1836,160,188,1285,510,13,337,1769,NA,6.25,1574754902,L,Divonne-les-Bains (01143),0.7
01144,0053,0102,01,112,841,437,404,204,188,10,10,178,40,NA,13,199,NA,4.7562425684,21165279429,L,Dommartin (01144),0
01145,8214,0125,01,112,1226,615,611,312,253,14,32,201,86,4,38,287,NA,7.0146818923,16394779772,L,Dompierre-sur-Veyle (01145),0.1
01146,8213,0110,01,120,389,187,202,99,95,6,12,50,22,NA,4,101,NA,5.6555269923,12853470437,L,Dompierre-sur-Chalaronne (01146),0
01147,8202,0111,01,112,473,238,235,102,97,13,13,128,24,NA,6,90,NA,5.0739957717,27061310782,L,Domsure (01147),0.1
01148,8203,0123,01,112,1996,1010,986,530,431,50,68,402,115,NA,35,364,NA,5.7615230461,20140280561,L,Dortan (01148),0.3
01149,8201,0101,01,112,962,489,473,237,222,13,13,162,73,NA,38,204,NA,7.5883575884,1683991684,L,Douvres (01149),0.1
01150,8202,0107,01,112,209,110,99,63,51,2,3,33,9,NA,4,44,NA,4.3062200957,15789473684,L,Drom (01150),0
01151,8201,0125,01,112,1134,561,573,250,227,22,14,295,64,2,24,236,NA,5.6437389771,26014109347,L,Druillat (01151),0.1
01152,8203,0123,01,112,772,401,371,196,160,17,10,157,33,1,16,181,NA,4.274611399,20336787565,L,Échallon (01152),0
01153,8219,0114,01,112,1631,811,820,439,357,23,18,165,125,1,91,410,NA,7.6640098099,10116492949,L,Échenevex (01153),0.1
01154,8202,0121,01,112,803,422,381,206,175,5,4,114,50,NA,17,231,NA,6.2266500623,14196762142,L,Étrez (01154),0
01155,8201,0128,01,120,140,70,70,32,31,4,4,37,8,NA,1,23,NA,5.7142857143,26428571429,L,Évosges (01155),0
01156,8201,0119,01,112,681,347,334,202,157,7,8,102,55,1,20,128,NA,8.0763582966,14977973568,L,Faramans (01156),0
01157,8213,0130,01,111,2137,1056,1081,512,451,23,32,440,147,1,37,493,NA,6.878802059,20589611605,L,Fareins (01157),0.1
01158,8219,0112,01,112,854,422,432,220,201,12,14,124,46,3,27,207,NA,5.3864168618,14519906323,L,Farges (01158),0.1
01159,0053,0102,01,112,3115,1545,1570,803,707,35,52,674,184,1,61,598,NA,5.9069020867,21637239165,L,Feillens (01159),0.2
01160,8219,0113,01,111,8025,3777,4248,2070,1851,194,288,1014,598,21,416,1574,NA,7.4517133956,12635514019,L,Ferney-Voltaire (01160),1.1
01162,8216,0136,01,300,63,28,35,12,11,NA,NA,18,NA,NA,2,21,NA,NA,28571428571,L,Flaxieu (01162),NA
01163,8202,0121,01,112,1912,976,936,475,398,33,30,468,118,NA,15,375,NA,6.1715481172,24476987448,L,Foissiat (01163),0.1
01165,8213,0130,01,112,1323,676,647,352,301,18,23,204,88,NA,17,320,NA,6.6515495087,15419501134,L,Francheleins (01165),0.1
01166,8213,0134,01,111,1984,997,987,509,439,35,30,380,175,NA,36,380,NA,8.8205645161,19153225806,L,Frans (01166),0.1
01167,0053,0132,01,120,656,325,331,170,131,8,5,123,40,NA,19,159,NA,6.0975609756,1875,L,Garnerans (01167),0
01169,8213,0132,01,112,609,301,308,158,152,3,12,66,34,NA,10,174,NA,5.5829228243,10837438424,L,Genouilleux (01169),0
01170,8203,0122,01,221,925,483,442,253,217,9,14,90,85,1,16,240,NA,9.1891891892,97297297297,L,Béard-Géovreissiat (01170),0.1
01171,8203,0141,01,111,903,471,432,250,203,11,18,104,66,1,26,225,NA,7.3089700997,11517165006,L,Géovreisset (01171),0.1
01172,8202,0133,01,112,145,72,73,32,30,2,4,34,7,1,3,33,NA,4.8275862069,23448275862,L,Germagnat (01172),0
01173,8219,0114,01,112,10372,5133,5239,2966,2632,211,221,973,599,15,375,2379,NA,5.7751639028,93810258388,L,Gex (01173),0.9
01174,8219,0103,01,300,162,88,74,43,30,4,4,36,10,NA,2,33,NA,6.1728395062,22222222222,L,Giron (01174),0
01175,0053,0126,01,120,799,387,412,177,164,14,21,164,46,1,14,197,NA,5.7571964956,20525657071,L,Gorrevod (01175),0.1
01176,8203,0106,01,400,109,62,47,36,24,1,NA,23,6,1,2,16,NA,5.504587156,21100917431,L,Grand-Abergement (Le) (01176),NA
01177,8202,0107,01,112,161,85,76,43,33,3,NA,42,5,NA,2,34,NA,3.1055900621,26086956522,L,Grand-Corent (01177),NA
01179,0053,0127,01,112,1899,971,928,453,409,40,45,395,112,4,42,399,NA,5.8978409689,20800421274,L,Grièges (01179),0.2
01180,8219,0114,01,112,762,366,396,189,169,7,16,130,50,1,38,162,NA,6.56167979,17060367454,L,Grilly (01180),0.1
01181,8203,0141,01,111,1143,577,566,300,244,16,24,173,67,NA,27,291,NA,5.8617672791,15135608049,L,Groissiat (01181),0.1
01182,8209,0118,01,112,353,179,174,83,68,7,6,81,22,NA,17,69,NA,6.2322946176,22946175637,L,Groslée (01182),0
01183,8213,0132,01,112,1308,651,657,341,281,22,25,245,72,NA,23,298,NA,5.504587156,1873088685,L,Guéreins (01183),0.1
01184,8202,0107,01,112,773,388,385,167,144,15,15,189,37,3,14,189,NA,4.786545925,24450194049,L,Hautecourt-Romanèche (01184),0.1
01185,8203,0115,01,221,4044,1937,2107,812,788,79,70,1301,243,5,45,701,NA,6.0089020772,32171117705,L,Hauteville-Lompnes (01185),0.3
01186,8201,0128,01,120,82,42,40,16,8,1,1,29,NA,NA,2,25,NA,NA,35365853659,L,Hostiaz (01186),0
01187,8203,0106,01,400,306,157,149,84,61,5,5,71,19,NA,4,56,NA,6.2091503268,23202614379,L,Hotonnes (01187),0
01188,8213,0132,01,120,570,282,288,151,122,9,7,106,46,NA,12,117,NA,8.0701754386,18596491228,L,Illiat (01188),0
01189,8219,0103,01,300,1055,545,510,276,228,9,30,166,70,NA,28,248,NA,6.63507109,15734597156,L,Injoux-Génissiat (01189),0.1
01190,8209,0118,01,300,114,57,57,27,22,1,1,33,4,NA,1,24,NA,3.5087719298,28947368421,L,Innimond (01190),0
01191,8203,0106,01,300,164,80,84,41,33,NA,NA,43,11,1,3,33,NA,6.7073170732,26219512195,L,Izenave (01191),NA
01192,8203,0116,01,300,2278,1130,1148,560,508,44,58,324,156,1,43,585,NA,6.8481123793,14223002634,L,Izernore (01192),0.2
01193,8209,0104,01,300,201,98,103,48,44,3,5,48,8,NA,8,38,NA,3.9800995025,23880597015,L,Izieu (01193),0
01194,8213,0134,01,111,5976,2938,3038,1381,1257,151,134,1131,460,4,165,1293,NA,7.6974564926,18925702811,L,Jassans-Riottier (01194),0.5
01195,8202,0107,01,112,1552,742,810,341,325,25,17,378,107,1,12,346,NA,6.8943298969,24355670103,L,Jasseron (01195),0.1
01196,8202,0121,01,112,1049,526,523,264,225,11,18,206,43,NA,11,272,NA,4.09914204,19637750238,L,Jayat (01196),0.1
01197,8202,0125,01,112,324,170,154,80,74,5,3,74,23,NA,3,63,NA,7.0987654321,22839506173,L,Journans (01197),0
01198,8201,0119,01,112,223,124,99,60,45,4,7,36,14,NA,5,52,NA,6.2780269058,16143497758,L,Joyeux (01198),0
01199,8201,0124,01,112,2097,1033,1064,510,408,35,47,470,118,NA,53,456,NA,5.6270863138,22412970911,L,Jujurieux (01199),0.2
01200,8203,0124,01,120,204,93,111,43,40,8,3,39,9,NA,8,54,NA,4.4117647059,19117647059,L,Labalme (01200),0
01202,8201,0117,01,112,6756,3255,3501,1552,1323,128,200,1474,439,6,251,1382,NA,6.4979277679,21817643576,L,Lagnieu (01202),0.8
01203,0053,0127,01,112,1130,550,580,278,255,18,23,211,95,2,21,228,NA,8.407079646,18672566372,L,Laiz (01203),0.1
01204,8203,0122,01,300,239,131,108,62,47,5,8,44,12,NA,3,59,NA,5.0209205021,18410041841,L,Lalleyriat (01204),0
01205,8219,0112,01,300,1052,515,537,279,222,11,27,191,62,2,35,224,NA,5.8935361217,18155893536,L,Lancrans (01205),0.1
01206,8203,0106,01,300,257,144,113,74,57,3,2,51,11,NA,6,54,NA,4.280155642,19844357977,L,Lantenay (01206),0
01207,8213,0135,01,112,292,147,145,75,66,1,2,45,30,NA,6,67,NA,10.273972603,15410958904,L,Lapeyrouse (01207),0
01208,8216,0104,01,300,148,69,79,31,26,2,2,51,10,NA,4,22,NA,6.7567567568,34459459459,L,Lavours (01208),0
01209,8219,0112,01,112,569,288,281,142,122,13,10,104,37,NA,22,120,NA,6.5026362039,18277680141,L,Léaz (01209),0
01210,8219,0114,01,400,225,112,113,60,59,2,NA,48,9,1,4,42,NA,4,21333333333,L,Lélex (01210),NA
01211,8202,0139,01,112,1328,666,662,345,300,10,20,238,78,1,24,312,NA,5.8734939759,17921686747,L,Lent (01211),0.1
01212,8202,0129,01,112,683,349,334,162,135,14,12,162,41,NA,12,145,NA,6.0029282577,23718887262,L,Lescheroux (01212),0
01213,8201,0117,01,112,1273,620,653,347,280,12,23,149,106,1,47,308,NA,8.326787117,11704634721,L,Leyment (01213),0.1
01214,8203,0116,01,300,153,84,69,43,38,4,5,30,7,1,1,24,NA,4.5751633987,19607843137,L,Leyssard (01214),0
01215,8219,0103,01,120,59,34,25,15,13,NA,NA,17,1,NA,NA,12,NA,1.6949152542,28813559322,L,Lhôpital (01215),NA
01216,8209,0118,01,112,854,415,439,183,162,18,18,252,38,NA,14,169,NA,4.4496487119,29508196721,L,Lhuis (01216),0.1
01218,8216,0109,01,400,91,46,45,20,18,1,3,19,5,NA,3,23,NA,5.4945054945,20879120879,L,Lochieu (01218),0
01219,8201,0118,01,112,149,78,71,43,32,2,7,28,6,NA,5,25,NA,4.0268456376,18791946309,L,Lompnas (01219),0
01221,8203,0109,01,300,122,59,63,26,23,1,1,47,1,NA,4,20,NA,0.8196721311,38524590164,L,Lompnieu (01221),0
01224,8214,0117,01,112,2645,1306,1339,637,555,74,79,388,155,NA,76,681,NA,5.8601134216,14669187146,L,Loyettes (01224),0.3
01225,8213,0130,01,112,393,200,193,110,85,5,6,71,24,NA,8,83,NA,6.106870229,18066157761,L,Lurcy (01225),0
01227,8216,0104,01,212,419,215,204,113,90,8,11,78,13,NA,2,104,NA,3.1026252983,1861575179,L,Magnieu (01227),0
01228,8203,0122,01,300,668,333,335,182,137,9,13,123,51,NA,22,130,NA,7.6347305389,18413173653,L,Maillat (01228),0.1
01229,8202,0121,01,112,952,493,459,263,208,5,14,177,50,NA,17,218,NA,5.2521008403,18592436975,L,Malafretaz (01229),0.1
01230,8202,0129,01,112,288,143,145,59,57,2,2,84,15,NA,5,65,NA,5.2083333333,29166666667,L,Mantenay-Montlin (01230),0
01231,0053,0102,01,112,1924,962,962,485,415,12,25,429,101,NA,34,423,NA,5.2494802495,22297297297,L,Manziat (01231),0.1
01232,8202,0111,01,112,2182,1105,1077,551,482,18,37,571,123,2,17,380,NA,5.6370302475,26168652612,L,Marboz (01232),0.1
01233,8209,0118,01,112,118,63,55,27,20,2,1,37,2,NA,1,28,NA,1.6949152542,31355932203,L,Marchamp (01233),0
01234,8216,0136,01,300,148,70,78,29,30,1,1,46,14,NA,3,24,NA,9.4594594595,31081081081,L,Marignieu (01234),0
01235,8213,0135,01,112,887,446,441,221,183,12,18,170,55,NA,14,214,NA,6.2006764374,1916572717,L,Marlieux (01235),0.1
01236,8202,0121,01,112,1005,512,493,248,208,17,14,209,52,4,21,231,NA,5.1741293532,207960199,L,Marsonnas (01236),0.1
01237,8203,0141,01,111,1604,815,789,386,338,23,54,276,121,NA,36,369,NA,7.5436408978,17206982544,L,Martignat (01237),0.2
01238,8213,0142,01,111,2428,1213,1215,594,521,34,40,433,204,NA,53,549,NA,8.4019769357,17833607908,L,Massieux (01238),0.2
01239,8216,0104,01,300,608,311,297,151,131,7,12,142,36,NA,15,115,NA,5.9210526316,23355263158,L,Massignieu-de-Rives (01239),0
01240,8203,0116,01,112,652,338,314,184,137,12,17,110,34,NA,8,150,NA,5.2147239264,16871165644,L,Matafelon-Granges (01240),0.1
01241,8202,0133,01,112,1298,646,652,299,281,20,10,281,77,NA,16,313,NA,5.9322033898,21648690293,L,Meillonnas (01241),0
01242,8201,0124,01,120,139,68,71,41,27,1,5,20,4,NA,2,39,NA,2.8776978417,14388489209,L,Mérignat (01242),0
01243,8213,0130,01,111,1209,586,623,292,286,16,12,211,64,NA,30,299,NA,5.2936311001,17452440033,L,Messimy-sur-Saône (01243),0
01244,8201,0119,01,112,7268,3500,3768,1738,1587,164,202,1243,498,3,229,1604,NA,6.85195377,17102366538,L,Meximieux (01244),0.8
01245,8202,0107,01,112,811,410,401,209,187,8,11,175,39,NA,20,162,NA,4.8088779285,21578298397,L,Bohas-Meyriat-Rignat (01245),0
01246,8202,0110,01,120,2072,1047,1025,501,425,55,49,438,126,1,47,431,NA,6.0810810811,21138996139,L,Mézériat (01246),0.2
01247,8219,0114,01,400,379,204,175,119,95,NA,2,60,20,1,5,77,NA,5.2770448549,15831134565,L,Mijoux (01247),0
01248,8214,0142,01,112,2077,1040,1037,563,492,42,39,232,205,2,36,466,NA,9.8700048146,11169956668,L,Mionnay (01248),0.2
01249,8214,0140,01,111,9066,4376,4690,2070,1998,255,209,1672,646,4,174,2038,NA,7.1255239356,18442532539,L,Miribel (01249),0.8
01250,8213,0142,01,111,1762,849,913,428,408,24,32,274,208,1,22,365,NA,11.80476731,15550510783,L,Misérieux (01250),0.1
01252,8213,0132,01,112,727,377,350,188,144,20,17,125,45,NA,20,168,NA,6.1898211829,1719394773,L,Mogneneins (01252),0.1
01254,8202,0139,01,112,1646,835,811,418,388,10,17,334,118,1,32,329,NA,7.1688942892,20291616039,L,Montagnat (01254),0.1
01255,8201,0118,01,112,495,251,244,128,90,5,15,124,21,NA,18,94,NA,4.2424242424,25050505051,L,Montagnieu (01255),0.1
01257,8219,0103,01,300,330,168,162,92,78,5,6,61,21,NA,6,62,NA,6.3636363636,18484848485,L,Montanges (01257),0
01258,8213,0132,01,112,1164,590,574,287,248,16,40,162,105,NA,22,284,NA,9.0206185567,13917525773,L,Montceaux (01258),0.2
01259,8202,0143,01,112,665,351,314,184,158,7,12,78,53,2,6,165,NA,7.969924812,11729323308,L,Montcet (01259),0
01260,8214,0119,01,112,244,119,125,59,52,3,6,46,21,NA,5,52,NA,8.606557377,18852459016,L,Montellier (Le) (01260),0
01261,8213,0135,01,112,599,302,297,164,147,5,12,66,57,1,11,135,NA,9.5158597663,1101836394,L,Monthieux (01261),0
01262,8214,0120,01,111,6999,3332,3667,1628,1486,204,171,1198,502,3,278,1529,NA,7.1724532076,17116730962,L,Montluel (01262),0.7
01263,8213,0132,01,112,3823,1869,1954,890,807,61,84,802,222,2,76,879,NA,5.8069578865,20978289302,L,Montmerle-sur-Saône (01263),0.3
01264,8202,0139,01,112,967,464,503,252,226,8,11,176,51,NA,8,235,NA,5.2740434333,18200620476,L,Montracol (01264),0
01265,8203,0122,01,221,3457,1720,1737,830,647,99,101,657,222,1,137,763,NA,6.421752965,19004917559,L,Montréal-la-Cluse (01265),0.4
01266,8202,0121,01,112,2362,1094,1268,514,506,13,24,731,120,2,39,413,NA,5.0804403048,30948348857,L,Montrevel-en-Bresse (01266),0.1
01267,8203,0116,01,300,1058,539,519,267,226,15,25,200,58,2,19,246,NA,5.4820415879,18903591682,L,Nurieux-Volognat (01267),0.1
01268,8216,0104,01,300,241,124,117,61,49,1,2,55,13,NA,9,50,NA,5.3941908714,22821576763,L,Murs-et-Gélignieux (01268),0
01269,8203,0122,01,221,3713,1798,1915,844,641,124,103,733,235,7,180,845,NA,6.3291139241,19741448963,L,Nantua (01269),0.4
01271,8216,0104,01,120,564,266,298,140,124,6,6,112,38,NA,12,125,NA,6.7375886525,19858156028,L,Nattages (01271),0
01272,8213,0110,01,120,1504,738,766,371,314,32,38,351,87,2,19,291,NA,5.7845744681,23337765957,L,Neuville-les-Dames (01272),0.1
01273,8201,0125,01,120,1571,804,767,390,314,35,46,299,85,1,39,362,NA,5.4105665181,19032463399,L,Neuville-sur-Ain (01273),0.2
01274,8203,0122,01,221,637,320,317,128,98,31,25,114,35,NA,40,165,NA,5.4945054945,17896389325,L,Neyrolles (Les) (01274),0.1
01275,8214,0140,01,111,2472,1234,1238,618,565,50,46,470,220,2,60,441,NA,8.8996763754,19012944984,L,Neyron (01275),0.2
01276,8214,0120,01,112,1488,746,742,404,358,24,23,205,140,3,32,300,NA,9.4086021505,1377688172,L,Niévroz (01276),0.1
01277,8201,0128,01,112,143,77,66,37,26,3,4,35,2,NA,3,33,NA,1.3986013986,24475524476,L,Nivollet-Montgriffon (01277),0
01279,8201,0128,01,112,91,43,48,21,17,NA,1,25,9,NA,3,16,NA,9.8901098901,27472527473,L,Oncieu (01279),0
01280,8201,0118,01,300,141,76,65,30,23,6,6,37,6,NA,1,33,NA,4.2553191489,26241134752,L,Ordonnaz (01280),0
01281,8219,0113,01,111,3531,1715,1816,929,794,43,62,427,286,10,168,812,NA,8.0996884735,12092891532,L,Ornex (01281),0.2
01282,8203,0106,01,300,256,133,123,70,55,1,3,52,21,NA,6,48,NA,8.203125,203125,L,Outriaz (01282),0
01283,8203,0198,01,111,22650,11122,11528,4602,3748,999,904,4436,1400,33,978,5551,NA,6.1810154525,19584988962,L,Oyonnax (01283),3.6
01284,0053,0126,01,112,618,314,304,156,138,7,12,104,35,NA,10,156,NA,5.6634304207,16828478964,L,Ozan (01284),0
01285,8213,0142,01,111,1095,547,548,276,242,23,15,178,122,NA,20,220,NA,11.141552511,16255707763,L,Parcieux (01285),0.1
01286,8216,0104,01,212,360,181,179,70,77,9,8,94,27,NA,4,71,NA,7.5,26111111111,L,Parves (01286),0
01288,8219,0112,01,112,2143,1098,1045,595,517,34,38,222,145,6,77,509,NA,6.7662155856,10359309379,L,Péron (01288),0.1
01289,8202,0139,01,111,6054,2922,3132,1356,1261,89,120,1687,426,3,98,1014,NA,7.0366699703,27865873802,L,Péronnas (01289),0.5
01290,8201,0119,01,112,1204,587,617,285,255,24,29,267,97,1,30,215,NA,8.0564784053,22176079734,L,Pérouges (01290),0.1
01291,0053,0127,01,120,826,405,421,204,201,8,18,176,39,2,6,172,NA,4.7215496368,21307506053,L,Perrex (01291),0.1
01292,8203,0106,01,400,138,74,64,34,32,3,2,42,5,NA,2,18,NA,3.6231884058,30434782609,L,Petit-Abergement (Le) (01292),0
01293,8203,0116,01,300,171,91,80,46,39,2,1,29,14,NA,2,38,NA,8.1871345029,16959064327,L,Peyriat (01293),0
01294,8216,0104,01,300,821,407,414,191,164,16,18,160,32,NA,24,217,NA,3.8976857491,19488428745,L,Peyrieu (01294),0.1
01295,8213,0132,01,112,473,233,240,121,120,8,11,42,27,NA,3,141,NA,5.7082452431,88794926004,L,Peyzieux-sur-Saône (01295),0
01296,8202,0111,01,112,360,194,166,101,71,7,9,83,15,NA,4,71,NA,4.1666666667,23055555556,L,Pirajoux (01296),0
01297,8214,0120,01,112,777,395,382,212,188,7,7,102,78,NA,13,170,NA,10.038610039,13127413127,L,Pizay (01297),0
01298,8219,0103,01,300,129,69,60,34,26,1,2,29,4,1,1,31,NA,3.1007751938,22480620155,L,Plagne (01298),0
01299,8214,0108,01,112,540,291,249,134,115,8,11,75,56,NA,9,132,NA,10.37037037,13888888889,L,Plantay (Le) (01299),0
01300,8203,0122,01,300,422,204,218,120,89,3,7,73,21,NA,9,101,NA,4.9763033175,17298578199,L,Poizat (Le) (01300),0
01301,8202,0143,01,112,2403,1199,1204,594,530,26,47,593,129,2,29,452,NA,5.368289638,24677486475,L,Polliat (01301),0.2
01302,8216,0104,01,212,157,73,84,40,33,NA,3,41,9,NA,3,28,NA,5.7324840764,26114649682,L,Pollieu (01302),0
01303,8201,0124,01,120,1644,826,818,368,301,37,49,400,94,NA,36,360,NA,5.7177615572,24330900243,L,Poncin (01303),0.2
01304,8201,0125,01,112,2627,1316,1311,581,492,83,77,613,135,4,81,561,NA,5.1389417587,23334602208,L,Pont-d'Ain (01304),0.3
01305,0053,0126,01,120,2205,1019,1186,449,410,55,69,722,89,1,48,363,NA,4.0362811791,32743764172,L,Pont-de-Vaux (01305),0.3
01306,0053,0127,01,112,1593,770,823,405,328,27,38,403,92,1,44,256,NA,5.7752667922,25298179535,L,Pont-de-Veyle (01306),0.1
01307,8203,0122,01,221,847,425,422,213,176,25,27,165,47,NA,28,168,NA,5.5489964581,19480519481,L,Port (01307),0.1
01308,8219,0112,01,112,802,394,408,204,164,10,20,117,49,1,37,199,NA,6.1097256858,14588528678,L,Pougny (01308),0.1
01309,8202,0133,01,112,88,52,36,24,16,1,NA,22,5,NA,NA,20,NA,5.6818181818,25,L,Pouillat (01309),NA
01310,8216,0104,01,212,234,150,84,34,20,NA,6,67,4,NA,3,101,NA,1.7094017094,28632478632,L,Prémeyzel (01310),0
01311,8203,0115,01,222,36,19,17,6,8,1,NA,14,1,NA,NA,5,NA,2.7777777778,38888888889,L,Prémillieu (01311),NA
01312,8202,0133,01,112,224,114,110,65,47,2,8,35,12,NA,5,50,NA,5.3571428571,15625,L,Pressiat (01312),0
01313,8219,0113,01,111,5980,2891,3089,1473,1350,122,129,641,469,14,325,1457,NA,7.8428093645,10719063545,L,Prévessin-Moëns (01313),0.5
01314,8201,0125,01,112,1488,733,755,356,321,25,34,287,94,NA,22,349,NA,6.3172043011,19287634409,L,Priay (01314),0.1
01316,8216,0136,01,212,168,89,79,41,33,5,3,36,9,NA,4,37,NA,5.3571428571,21428571429,L,Pugieu (01316),0
01317,8202,0107,01,112,250,124,126,65,59,1,4,60,14,NA,1,46,NA,5.6,24,L,Ramasse (01317),0
01318,8213,0142,01,112,641,339,302,171,151,7,4,82,53,1,9,163,NA,8.2683307332,127925117,L,Rancé (01318),0
01319,8213,0130,01,112,466,226,240,121,100,6,6,100,27,NA,3,103,NA,5.7939914163,21459227468,L,Relevant (01319),0
01320,0053,0102,01,112,3500,1768,1732,804,735,62,81,804,185,NA,71,758,NA,5.2857142857,22971428571,L,Replonges (01320),0.3
01321,8202,0107,01,112,788,398,390,193,169,6,12,159,42,NA,16,191,NA,5.3299492386,20177664975,L,Revonnas (01321),0
01322,8213,0142,01,111,4093,2017,2076,958,846,40,44,866,381,6,100,851,NA,9.3085756169,21158074762,L,Reyrieux (01322),0.2
01323,0053,0126,01,112,929,450,479,201,175,13,21,227,50,2,16,225,NA,5.382131324,24434876211,L,Reyssouze (01323),0.1
01325,8201,0119,01,112,950,501,449,250,209,12,21,152,54,1,25,226,NA,5.6842105263,16,L,Rignieux-le-Franc (01325),0.1
01328,8213,0110,01,120,587,293,294,134,108,3,8,128,54,2,5,145,NA,9.199318569,21805792164,L,Romans (01328),0
01329,8216,0136,01,300,148,75,73,35,25,4,6,48,9,NA,6,16,NA,6.0810810811,32432432432,L,Rossillon (01329),0
01330,8203,0109,01,300,202,98,104,42,38,3,6,53,13,NA,4,43,NA,6.4356435644,26237623762,L,Ruffieu (01330),0
01331,8201,0124,01,300,163,79,84,33,30,2,2,41,13,NA,3,39,NA,7.9754601227,25153374233,L,Saint-Alban (01331),0
01332,0053,0102,01,112,635,315,320,171,157,5,8,108,33,NA,9,145,NA,5.1968503937,17007874016,L,Saint-André-de-Bâgé (01332),0
01333,8214,0142,01,112,2991,1448,1543,705,672,34,35,687,245,1,49,563,NA,8.1912403878,2296890672,L,Saint-André-de-Corcy (01333),0.1
01334,0053,0127,01,112,543,275,268,153,125,6,10,81,30,2,7,129,NA,5.5248618785,14917127072,L,Saint-André-d'Huiriat (01334),0
01335,8213,0110,01,112,316,160,156,82,83,1,4,48,14,NA,3,82,NA,4.4303797468,15189873418,L,Saint-André-le-Bouchoux (01335),0
01336,8202,0139,01,112,1079,531,548,254,242,23,28,232,64,NA,14,222,NA,5.9314179796,21501390176,L,Saint-André-sur-Vieux-Jonc (01336),0.1
01337,0053,0126,01,120,1161,593,568,280,206,20,27,293,63,NA,25,246,NA,5.4263565891,25236864772,L,Saint-Bénigne (01337),0.1
01338,8209,0118,01,112,773,378,395,173,150,13,20,178,44,2,17,176,NA,5.6921086675,23027166882,L,Saint-Benoît (01338),0.1
01339,8213,0134,01,111,1375,665,710,320,278,13,16,330,106,NA,44,269,NA,7.7090909091,24,L,Saint-Bernard (01339),0.1
01340,8216,0104,01,212,123,58,65,28,27,NA,4,39,3,1,2,19,NA,2.4390243902,31707317073,L,Saint-Bois (01340),0
01341,8216,0104,01,212,139,68,71,32,28,1,1,50,5,NA,2,19,NA,3.5971223022,35971223022,L,Saint-Champ (01341),0
01342,8214,0120,01,112,534,271,263,150,130,4,8,66,43,NA,8,125,NA,8.0524344569,12359550562,L,Sainte-Croix (01342),0
01343,0053,0127,01,112,1636,836,800,408,393,21,22,291,91,1,24,386,NA,5.5623471883,17787286064,L,Saint-Cyr-sur-Menthon (01343),0.1
01344,8202,0143,01,111,5405,2610,2795,1174,1155,72,75,1446,407,2,110,963,NA,7.5300647549,26753006475,L,Saint-Denis-lès-Bourg (01344),0.3
01345,8201,0101,01,112,2178,1078,1100,514,472,44,55,450,122,3,74,444,NA,5.6014692378,20661157025,L,Saint-Denis-en-Bugey (01345),0.2
01346,8202,0121,01,112,863,428,435,211,182,7,19,178,50,1,6,209,NA,5.7937427578,20625724218,L,Saint-Didier-d'Aussiat (01346),0.1
01347,8213,0134,01,111,1792,917,875,454,381,29,31,290,176,1,53,377,NA,9.8214285714,16183035714,L,Saint-Didier-de-Formans (01347),0.1
01348,8213,0132,01,120,2776,1362,1414,655,538,32,57,606,181,3,71,632,NA,6.5201729107,21829971182,L,Saint-Didier-sur-Chalaronne (01348),0.2
01349,8201,0119,01,112,399,203,196,104,92,3,3,80,37,1,15,65,NA,9.2731829574,20050125313,L,Saint-Éloi (01349),0
01350,8202,0133,01,112,2441,1198,1243,599,518,27,45,580,133,2,35,501,NA,5.4485866448,23760753789,L,Saint-Étienne-du-Bois (01350),0.2
01351,8213,0132,01,112,1468,752,716,355,296,35,26,244,101,4,35,371,NA,6.8801089918,16621253406,L,Saint-Étienne-sur-Chalaronne (01351),0.1
01352,0053,0126,01,120,531,289,242,124,95,8,15,132,23,NA,10,125,NA,4.3314500942,24858757062,L,Saint-Étienne-sur-Reyssouze (01352),0.1
01353,8213,0142,01,111,1482,725,757,376,347,14,19,192,142,1,36,356,NA,9.5816464238,12955465587,L,Sainte-Euphémie (01353),0.1
01354,8219,0113,01,111,8914,4615,4299,2526,1877,172,223,1028,519,11,434,2125,NA,5.8223019969,11532420911,L,Saint-Genis-Pouilly (01354),0.9
01355,0053,0127,01,120,408,211,197,114,91,7,10,69,20,NA,6,89,NA,4.9019607843,16911764706,L,Saint-Genis-sur-Menthon (01355),0
01356,8213,0110,01,112,197,104,93,50,47,2,1,26,12,1,2,55,NA,6.0913705584,13197969543,L,Saint-Georges-sur-Renon (01356),0
01357,8219,0103,01,300,480,250,230,111,85,17,18,90,22,1,21,115,NA,4.5833333333,1875,L,Saint-Germain-de-Joux (01357),0.1
01358,8216,0104,01,212,387,196,191,85,73,15,6,97,21,1,12,77,NA,5.4263565891,25064599483,L,Saint-Germain-les-Paroisses (01358),0
01359,8213,0135,01,112,236,127,109,72,56,3,2,48,11,NA,5,40,NA,4.6610169492,20338983051,L,Saint-Germain-sur-Renon (01359),0
01360,8219,0112,01,112,1496,767,729,433,339,24,19,198,93,1,60,330,NA,6.2165775401,13235294118,L,Saint-Jean-de-Gonville (01360),0.1
01361,8201,0119,01,112,1421,732,689,388,326,18,23,209,115,1,30,310,NA,8.0928923293,14707952146,L,Saint-Jean-de-Niost (01361),0.1
01362,8213,0142,01,112,710,364,346,195,177,10,6,96,41,NA,8,177,NA,5.7746478873,13521126761,L,Saint-Jean-de-Thurigneux (01362),0
01363,8201,0124,01,112,1609,800,809,411,337,16,26,345,105,NA,51,319,NA,6.5257924177,21441889372,L,Saint-Jean-le-Vieux (01363),0.1
01364,8202,0129,01,112,744,394,350,178,130,16,17,187,43,2,21,150,NA,5.7795698925,25134408602,L,Saint-Jean-sur-Reyssouze (01364),0.1
01365,0053,0127,01,112,1082,537,545,263,259,13,8,220,66,3,19,232,NA,6.0998151571,2033271719,L,Saint-Jean-sur-Veyle (01365),0
01366,8201,0117,01,112,889,458,431,229,211,15,21,113,46,3,16,234,NA,5.1743532058,12710911136,L,Sainte-Julie (01366),0.1
01367,8202,0129,01,112,668,341,327,164,133,15,14,159,26,NA,14,142,NA,3.8922155689,2380239521,L,Saint-Julien-sur-Reyssouze (01367),0.1
01368,8213,0110,01,120,715,369,346,177,156,11,15,131,36,NA,14,176,NA,5.034965035,18321678322,L,Saint-Julien-sur-Veyle (01368),0.1
01369,8202,0139,01,111,881,463,418,215,191,11,14,177,66,NA,11,195,NA,7.4914869467,20090805902,L,Saint-Just (01369),0.1
01370,0053,0102,01,111,1749,816,933,466,409,43,56,353,70,NA,34,317,NA,4.0022870212,20182961692,L,Saint-Laurent-sur-Saône (01370),0.2
01371,8214,0135,01,112,1212,622,590,337,290,19,27,125,108,NA,17,289,NA,8.9108910891,10313531353,L,Saint-Marcel (01371),0.1
01372,8216,0136,01,300,443,222,221,102,100,8,8,87,24,NA,3,111,NA,5.4176072235,19638826185,L,Saint-Martin-de-Bavel (01372),0
01373,8203,0122,01,300,1077,543,534,288,229,18,22,209,59,2,34,216,NA,5.47818013,19405756732,L,Saint-Martin-du-Frêne (01373),0.1
01374,8202,0125,01,112,1651,848,803,418,372,13,18,352,105,1,32,340,NA,6.3597819503,21320411872,L,Saint-Martin-du-Mont (01374),0.1
01375,8202,0121,01,112,790,407,383,208,188,13,8,133,49,NA,5,186,NA,6.2025316456,16835443038,L,Saint-Martin-le-Châtel (01375),0
01376,8214,0140,01,111,3865,1835,2030,842,805,103,117,790,276,1,90,839,NA,7.1410090556,20439844761,L,Saint-Maurice-de-Beynost (01376),0.5
01378,8201,0119,01,112,2498,1255,1243,631,551,22,33,406,160,3,64,628,NA,6.4051240993,16253002402,L,Saint-Maurice-de-Gourdans (01378),0.1
01379,8201,0101,01,112,709,361,348,168,141,16,24,139,33,1,19,168,NA,4.6544428773,19605077574,L,Saint-Maurice-de-Rémens (01379),0.1
01380,8202,0129,01,120,703,350,353,145,103,13,11,208,39,2,22,160,NA,5.5476529161,29587482219,L,Saint-Nizier-le-Bouchoux (01380),0
01381,8214,0108,01,112,880,450,430,223,193,12,18,118,58,2,19,238,NA,6.5909090909,13409090909,L,Saint-Nizier-le-Désert (01381),0.1
01382,8213,0130,01,112,303,158,145,86,71,3,2,52,19,NA,4,66,NA,6.2706270627,17161716172,L,Sainte-Olive (01382),0
01383,8214,0135,01,120,1551,767,784,350,324,16,30,263,101,1,34,433,NA,6.5119277885,16956802063,L,Saint-Paul-de-Varax (01383),0.1
01384,8201,0128,01,112,2164,1013,1151,446,370,56,64,531,107,4,88,497,NA,4.9445471349,24537892791,L,Saint-Rambert-en-Bugey (01384),0.3
01385,8202,0139,01,112,906,455,451,228,218,11,13,174,61,1,11,190,NA,6.7328918322,19205298013,L,Saint-Rémy (01385),0.1
01386,8201,0117,01,112,1061,540,521,285,240,18,22,204,58,1,28,205,NA,5.4665409991,19227144204,L,Saint-Sorlin-en-Bugey (01386),0.1
01387,8202,0121,01,112,142,76,66,38,29,5,1,31,5,NA,NA,33,NA,3.5211267606,21830985915,L,Saint-Sulpice (01387),0
01388,8202,0129,01,400,1013,494,519,203,158,13,29,393,37,NA,21,159,NA,3.6525172754,38795656466,L,Saint-Trivier-de-Courtes (01388),0.1
01389,8213,0130,01,112,1877,953,924,465,376,26,33,384,139,NA,34,420,NA,7.4054342035,20458177944,L,Saint-Trivier-sur-Moignans (01389),0.1
01390,8201,0117,01,112,957,497,460,227,181,13,27,176,49,1,21,261,NA,5.1201671891,18390804598,L,Saint-Vulbas (01390),0.1
01391,8202,0111,01,112,284,150,134,60,55,4,4,101,14,NA,3,43,NA,4.9295774648,35563380282,L,Salavre (01391),0
01392,8203,0116,01,112,718,370,348,201,169,4,15,85,48,NA,7,189,NA,6.6852367688,11838440111,L,Samognat (01392),0.1
01393,8213,0110,01,112,524,268,256,143,119,3,11,79,29,NA,9,131,NA,5.534351145,15076335878,L,Sandrans (01393),0
01396,8201,0117,01,112,1043,525,518,240,181,33,39,246,41,NA,54,210,NA,3.9309683605,23585810163,L,Sault-Brénaz (01396),0.2
01397,8219,0113,01,112,1078,529,549,277,239,24,14,140,87,1,60,237,NA,8.0705009276,12987012987,L,Sauverny (01397),0.1
01398,8213,0130,01,112,1204,601,603,317,287,17,15,193,85,1,13,277,NA,7.0598006645,16029900332,L,Savigneux (01398),0.1
01399,8219,0114,01,112,1649,796,853,432,393,24,30,254,108,3,62,343,NA,6.5494238933,15403274712,L,Ségny (01399),0.1
01400,8201,0118,01,112,138,75,63,35,31,3,2,34,7,NA,3,23,NA,5.0724637681,24637681159,L,Seillonnaz (01400),0
01401,8219,0113,01,111,1977,984,993,513,447,23,41,241,119,5,97,491,NA,6.019221042,12190187152,L,Sergy (01401),0.2
01402,0053,0126,01,300,669,325,344,158,119,6,18,191,26,NA,15,135,NA,3.8863976084,28550074738,L,Sermoyer (01402),0.1
01403,8201,0118,01,112,1174,585,589,261,217,34,28,260,60,2,32,280,NA,5.1107325383,22146507666,L,Serrières-de-Briord (01403),0.1
01404,8201,0116,01,120,119,66,53,35,22,3,4,36,1,NA,3,15,NA,0.8403361345,3025210084,L,Serrières-sur-Ain (01404),0
01405,8202,0139,01,112,1184,604,580,286,245,13,17,175,77,1,29,341,NA,6.5033783784,14780405405,L,Servas (01405),0.1
01406,8202,0129,01,120,160,83,77,40,29,1,1,49,6,2,3,29,NA,3.75,30625,L,Servignat (01406),0
01407,8219,0131,01,300,942,487,455,246,180,32,31,178,41,NA,31,204,NA,4.3524416136,1889596603,L,Seyssel (01407),0.1
01408,8202,0107,01,112,650,335,315,171,143,5,12,122,39,NA,10,149,NA,6,18769230769,L,Simandre-sur-Suran (01408),0
01409,8216,0109,01,400,130,60,70,27,21,3,3,50,6,NA,1,19,NA,4.6153846154,38461538462,L,Songieu (01409),0
01410,8203,0116,01,300,320,167,153,90,69,7,3,41,22,NA,11,77,NA,6.875,128125,L,Sonthonnax-la-Montagne (01410),0
01411,8201,0117,01,112,261,132,129,64,50,2,4,62,10,NA,12,59,NA,3.8314176245,23754789272,L,Souclin (01411),0
01412,8213,0110,01,120,569,293,276,144,129,10,17,101,34,NA,5,128,NA,5.9753954306,17750439367,L,Sulignat (01412),0.1
01413,8219,0103,01,120,78,36,42,17,14,NA,3,25,3,NA,1,15,NA,3.8461538462,32051282051,L,Surjoux (01413),0
01414,8216,0109,01,300,235,120,115,56,39,3,5,71,10,1,7,42,NA,4.2553191489,30212765957,L,Sutrieu (01414),0
01415,8216,0109,01,300,425,217,208,103,83,8,9,92,15,NA,10,105,NA,3.5294117647,21647058824,L,Talissieu (01415),0
01416,8201,0128,01,112,1120,561,559,231,171,18,28,352,62,2,41,214,NA,5.5357142857,31428571429,L,Tenay (01416),0.1
01417,8203,0115,01,222,324,159,165,79,60,3,4,92,14,NA,8,63,NA,4.3209876543,28395061728,L,Thézillieu (01417),0
01418,8214,0140,01,112,1070,540,530,281,245,18,16,172,100,1,13,224,NA,9.3457943925,16074766355,L,Thil (01418),0.1
01419,8219,0113,01,111,5205,2604,2601,1454,1107,60,97,602,361,7,292,1226,NA,6.9356388088,11565802113,L,Thoiry (01419),0.4
01420,8213,0132,01,120,1540,655,885,315,292,32,53,484,73,2,31,258,NA,4.7402597403,31428571429,L,Thoissey (01420),0.2
01421,8201,0128,01,112,698,363,335,181,156,5,7,151,45,1,32,119,NA,6.446991404,21633237822,L,Torcieu (01421),0
01422,8202,0125,01,112,1406,704,702,374,342,7,11,227,114,NA,24,306,NA,8.1081081081,16145092461,L,Tossiat (01422),0
01423,8213,0142,01,111,769,379,390,211,198,14,11,112,77,1,11,135,NA,10.013003901,14564369311,L,Toussieux (01423),0
01424,8214,0142,01,112,1674,845,829,412,388,22,21,238,192,1,29,371,NA,11.46953405,1421744325,L,Tramoyes (01424),0.1
01425,8202,0125,01,112,301,147,154,80,60,1,4,69,21,NA,2,65,NA,6.976744186,2292358804,L,Tranclière (La) (01425),0
01426,8202,0133,01,112,2204,1120,1084,563,481,34,44,438,124,1,33,486,NA,5.6261343013,19872958258,L,Treffort-Cuisiat (01426),0.2
01427,8213,0134,01,111,6730,3331,3399,1633,1386,176,185,1061,450,2,218,1616,NA,6.6864784547,15765230312,L,Trévoux (01427),0.7
01428,8213,0132,01,112,88,46,42,22,20,NA,1,20,3,1,NA,21,NA,3.4090909091,22727272727,L,Valeins (01428),0
01429,8202,0143,01,112,619,314,305,164,146,3,8,106,39,1,7,143,NA,6.3004846527,17124394184,L,Vandeins (01429),0
01430,8201,0125,01,112,521,273,248,143,100,17,21,92,28,NA,10,110,NA,5.3742802303,17658349328,L,Varambon (01430),0.1
01431,8201,0117,01,112,1169,568,601,304,246,18,21,242,61,NA,29,247,NA,5.2181351583,20701454234,L,Vaux-en-Bugey (01431),0.1
01432,8202,0111,01,112,250,121,129,55,58,2,5,74,7,NA,3,46,NA,2.8,296,L,Verjon (01432),0
01433,8202,0129,01,400,285,142,143,80,71,5,9,35,11,NA,6,68,NA,3.8596491228,12280701754,L,Vernoux (01433),0
01434,8214,0108,01,112,332,161,171,79,65,3,10,75,22,NA,4,73,NA,6.6265060241,22590361446,L,Versailleux (01434),0
01435,8219,0113,01,112,2144,1070,1074,542,488,34,47,233,158,6,80,556,NA,7.3694029851,10867537313,L,Versonnex (01435),0.2
01436,8219,0114,01,112,526,250,276,139,136,10,9,86,35,1,13,97,NA,6.6539923954,16349809886,L,Vesancy (01436),0
01437,0053,0129,01,300,208,112,96,51,44,3,3,50,9,NA,4,43,NA,4.3269230769,24038461538,L,Vescours (01437),0
01439,0053,0102,01,112,91,48,43,25,18,NA,2,18,6,NA,2,20,NA,6.5934065934,1978021978,L,Vésines (01439),0
01441,8203,0106,01,300,693,349,344,190,140,11,12,114,50,NA,17,159,NA,7.215007215,1645021645,L,Vieu-d'Izenave (01441),0
01442,8216,0109,01,300,380,188,192,77,78,8,3,116,16,NA,13,69,NA,4.2105263158,30526315789,L,Vieu (01442),0
01443,8214,0135,01,112,4399,2121,2278,1079,963,50,73,1006,365,1,90,772,NA,8.2973403046,22868833826,L,Villars-les-Dombes (01443),0.3
01444,8201,0117,01,112,1153,593,560,312,235,18,31,216,53,1,32,254,NA,4.5967042498,18733738075,L,Villebois (01444),0.1
01445,8202,0111,01,112,632,324,308,169,146,14,10,93,27,NA,10,163,NA,4.2721518987,14715189873,L,Villemotier (01445),0
01446,8213,0130,01,112,1383,707,676,385,311,7,27,173,89,2,26,364,NA,6.435285611,12509038322,L,Villeneuve (01446),0.1
01447,8202,0107,01,112,1208,582,626,283,255,16,17,316,70,1,29,219,NA,5.7947019868,26158940397,L,Villereversure (01447),0.1
01448,8219,0103,01,300,385,200,185,108,91,7,6,54,29,1,12,77,NA,7.5324675325,14025974026,L,Villes (01448),0
01449,8201,0108,01,112,673,347,326,179,142,13,14,104,51,NA,20,151,NA,7.5780089153,15453194651,L,Villette-sur-Ain (01449),0.1
01450,8201,0119,01,112,3095,1564,1531,780,688,51,60,526,219,1,58,713,NA,7.0759289176,16995153473,L,Villieu-Loyes-Mollon (01450),0.2
01451,8202,0143,01,111,6006,3040,2966,1388,1268,91,117,1347,423,5,80,1287,NA,7.042957043,22427572428,L,Viriat (01451),0.5
01452,8216,0136,01,300,1156,574,582,267,220,35,26,244,59,1,43,262,NA,5.1038062284,21107266436,L,Virieu-le-Grand (01452),0.1
01453,8216,0109,01,400,309,154,155,65,54,1,3,78,21,NA,6,80,NA,6.7961165049,25242718447,L,Virieu-le-Petit (01453),0
01454,8216,0104,01,212,855,431,424,223,182,7,17,146,49,NA,23,208,NA,5.730994152,17076023392,L,Virignin (01454),0.1
01456,8216,0136,01,300,74,39,35,15,11,NA,NA,29,4,NA,2,12,NA,5.4054054054,39189189189,L,Vongnes (01456),NA
01457,8202,0110,01,120,2790,1389,1401,586,511,62,72,695,166,2,60,636,NA,5.9498207885,24910394265,L,Vonnas (01457),0.3
